{"_wandb":{"runtime":1408},"train/reward":-91.375,"train_samples_per_second":1.426,"train/epoch":1,"_runtime":1347.956550828,"train/reward_std":71.94895458221436,"train/learning_rate":0,"train/global_step":467,"train_loss":0.0033673487755228673,"train_steps_per_second":0.356,"train/grad_norm":6.40625,"total_flos":0,"_step":467,"train/kl":0.043942627031356096,"train/completion_length":106.78125,"train/loss":0.0018,"_timestamp":1.7390918463496428e+09,"train/rewards/same_length_reward_func":-91.375,"train_runtime":1310.0159}